student_id,name,email,username,password,role
3336,David Palmer,sean43@hotmail.com,David,password,student
8774,Andrew Roach,vbecker@harvey.com,Andrew,password,student
1396,Jonathan Gonzalez,hollydavis@gmail.com,Jonathan,password,student
6716,Kenneth Morrow,ganderson@wheeler-atkins.info,Kenneth,password,student
8830,Kaitlyn Martinez,hayesdiane@gmail.com,Kaitlyn,password,student
5305,Tiffany Wolf,qanderson@taylor.com,Tiffany,password,student
5048,James Reyes,drodriguez@nguyen-cooper.info,James,password,student
5986,Samantha Sellers,michelle27@hubbard-webster.com,Samantha,password,student
8721,Michael Kim,jacksonhannah@miles.com,Michael,password,student
6622,Emily Davis,george02@hotmail.com,Emily,password,student
3254,Adam Evans,bryantmargaret@hernandez.com,Adam,password,student
8021,Alejandra Galloway,danielpowers@schmidt.com,Alejandra,password,student
9477,Cindy Johnston,james96@webb.org,Cindy,password,student
9144,Taylor Krueger II,hleon@smith.net,Taylor,password,student
4854,Kimberly Vang,carolyn34@yahoo.com,Kimberly,password,student
3690,Alex Allen,shawkaren@smith.net,Alex,password,student
4462,Dawn Caldwell,kelly96@gmail.com,Dawn,password,student
3255,Connie Cline,patelmercedes@green.com,Connie,password,student
5446,Christine Smith,nicholasmejia@hotmail.com,Christine,password,student
8125,Dana Burke,davismichael@yahoo.com,Dana,password,student
3052,Suzanne Lopez,thomasbennett@gmail.com,Suzanne,password,student
2602,Meagan Thompson,robert13@gmail.com,Meagan,password,student
1866,Erica Welch,hernandezbrent@delgado-terry.com,Erica,password,student
4908,Debra Reilly,amy78@jackson.com,Debra,password,student
6711,Rachel Hill,elizabeth41@hill-johnson.com,Rachel,password,student
1165,Lauren Hill,timothy00@lopez.com,Lauren,password,student
7657,Andrea Castro,valvarez@hotmail.com,Andrea,password,student
4776,Sarah Cruz,melissa92@hicks.com,Sarah,password,student
5711,Teresa Patrick PhD,hbrooks@nelson-bennett.info,Teresa,password,student
8511,Brittany Thompson,chavezallison@yahoo.com,Brittany,password,student
4009,Sean Wells,barreracourtney@nguyen.com,Sean,password,student
7998,Robert Simmons,daniel00@gmail.com,Robert,password,student
5676,William Holt,warrensmith@yahoo.com,William,password,student
8134,Brandon Garcia,brandon58@cummings-johnson.biz,Brandon,password,student
5119,Alexander Jones,emily28@hotmail.com,Alexander,password,student
7304,William Anderson,jacob29@gmail.com,William,password,student
3663,Shawna Glover,alison62@barrett.com,Shawna,password,student
6423,Susan Galvan,theresa04@gmail.com,Susan,password,student
5155,Jason King,oliviawalls@hotmail.com,Jason,password,student
1066,Alexander Simmons,jrodriguez@cox.info,Alexander,password,student
5773,James Moore,daniel72@long.com,James,password,student
8417,Frank Garza,jennifer82@cruz.com,Frank,password,student
4235,Cynthia Parker DVM,jasminelewis@washington.com,Cynthia,password,student
7002,Robert Smith,amanda74@gmail.com,Robert,password,student
5998,Marie Valdez,xwarner@nelson.com,Marie,password,student
9661,Patty Duke,sparksanna@gmail.com,Patty,password,student
5144,Teresa Lucas,epatel@edwards-smith.info,Teresa,password,student
3719,Melanie Lowe,nicolepruitt@bell-gibson.org,Melanie,password,student
9310,Isaiah Morales,lutzjason@neal.biz,Isaiah,password,student
9271,Connor Fry,masseytom@gmail.com,Connor,password,student
4603,Autumn Nguyen,john53@hotmail.com,Autumn,password,student
5001,Jasmin Pena,ajackson@hotmail.com,Jasmin,password,student
5618,Mrs. Carol Williams MD,janice01@yahoo.com,Mrs.,password,student
3205,Andrew Lutz,patrick16@yahoo.com,Andrew,password,student
8431,Julie Martin,angelawilliams@gmail.com,Julie,password,student
4604,Lisa Brown,annette64@gmail.com,Lisa,password,student
7287,Holly King,williamsjack@randolph.com,Holly,password,student
3481,Ricky Sanders,buckleyandrew@gmail.com,Ricky,password,student
3068,Gary Taylor,veronicarogers@yahoo.com,Gary,password,student
4514,Arthur Thornton,kirstenowen@yahoo.com,Arthur,password,student
2499,Eric Leonard,theresarosales@gmail.com,Eric,password,student
5212,William Smith,daniel93@lee-morris.com,William,password,student
5550,Daniel Daniel,christianbrown@yahoo.com,Daniel,password,student
8265,Joel Nicholson,michaelpratt@murray.net,Joel,password,student
6398,Benjamin Burke,colemary@cochran.net,Benjamin,password,student
2706,Brandi Roberts,joshua76@yahoo.com,Brandi,password,student
9410,Patrick Anderson,meganlewis@butler-bright.com,Patrick,password,student
5851,Jerry Butler,sherri94@hines.net,Jerry,password,student
9842,Cynthia Garrett,rhall@gmail.com,Cynthia,password,student
6069,Carrie Hall,stewartlori@yahoo.com,Carrie,password,student
7081,Paul Brown,uyoder@miller.com,Paul,password,student
9812,William Villarreal,petersoncheryl@davis-bush.com,William,password,student
1790,Randy Pittman,robin33@knapp.com,Randy,password,student
8268,Alexandra Roth,kristin46@hotmail.com,Alexandra,password,student
1383,Stephanie Mitchell,michellemoody@williams.com,Stephanie,password,student
4197,Michelle Kemp,susanwilliams@hotmail.com,Michelle,password,student
4517,Corey Hicks,fosterglen@gmail.com,Corey,password,student
6733,Melinda Hancock,linda93@gmail.com,Melinda,password,student
5406,Julian Smith,joseph78@gmail.com,Julian,password,student
5652,Brooke Davis,millerkevin@white.com,Brooke,password,student
4846,Diane Williams,zmclean@boyd.net,Diane,password,student
9806,Stephanie Beck,rwinters@hotmail.com,Stephanie,password,student
8526,Joe Kim,salinaschristine@gmail.com,Joe,password,student
3257,Tammy Byrd,phillipsmith@gmail.com,Tammy,password,student
1214,Scott Gomez,jacksonjulie@estrada.org,Scott,password,student
2921,Sean Davis,tina80@miller-navarro.com,Sean,password,student
1853,Luis Hunter,uschultz@palmer-lambert.biz,Luis,password,student
4418,Rachel Mahoney MD,teresamitchell@hernandez.net,Rachel,password,student
6729,Christina Woodward,juan08@yahoo.com,Christina,password,student
4509,Shawna Moore,joseyoung@richardson.net,Shawna,password,student
8646,Stacy Jones,currymelissa@coleman-meza.info,Stacy,password,student
4675,Ms. Susan Suarez,amanda13@smith.org,Ms.,password,student
9291,Donna Briggs,avalenzuela@norris-wood.org,Donna,password,student
8808,Tiffany Russell,kimberly95@gmail.com,Tiffany,password,student
5441,Shawn Phillips,mbass@hotmail.com,Shawn,password,student
6001,Peter Wilson,qcantu@woods.info,Peter,password,student
5630,Joe Bernard,kimberly88@herring.info,Joe,password,student
4311,Brittany Hamilton,smithkaren@yahoo.com,Brittany,password,student
6577,Maria Rogers,reneemartinez@hotmail.com,Maria,password,student
6809,Rebecca Miller,michaelconner@hotmail.com,Rebecca,password,student
2318,Bryan Velazquez,bpowell@gmail.com,Bryan,password,student
4948,William Montgomery,chavezryan@smith.com,William,password,student
7574,Robert Berg,stephensbrenda@perez.com,Robert,password,student
8155,Peter White,goodwinrachel@burke.org,Peter,password,student
5776,Ashley Garcia,daviscory@yahoo.com,Ashley,password,student
1857,Brandon Smith,ortizjoseph@moore.com,Brandon,password,student
1742,Kristen Orozco,vbonilla@ho.com,Kristen,password,student
4406,Joanna Logan,yflores@brooks.info,Joanna,password,student
2800,Mark Harper,mikayla15@chavez.com,Mark,password,student
1666,Jaime Hanson,whitechristine@gonzalez.info,Jaime,password,student
1328,Johnathan Morris,cassiemcdonald@gmail.com,Johnathan,password,student
7728,Jeffrey Sosa,nhardin@thomas.com,Jeffrey,password,student
6489,Mitchell Sharp,blackbrandi@gmail.com,Mitchell,password,student
9047,Jose Peters,zrowe@morales.net,Jose,password,student
5788,Jeffrey Torres,yvonnemiller@robinson.com,Jeffrey,password,student
8426,Noah Lee,olucas@cline-robinson.com,Noah,password,student
8366,Jeremy Graham,dcontreras@hotmail.com,Jeremy,password,student
2963,Mary Harrison,tylerbaldwin@yahoo.com,Mary,password,student
3669,Meghan Roy,ystevens@yahoo.com,Meghan,password,student
4925,Kevin Moore,michaelarroyo@guerrero.com,Kevin,password,student
6915,Pedro Roth,knightkelly@miller-wong.org,Pedro,password,student
4538,Holly Donaldson,katherine18@hammond.info,Holly,password,student
1663,Patricia Boyer,fcabrera@haynes-clark.com,Patricia,password,student
1708,Alexander Mccarty,sandra21@burnett-gutierrez.com,Alexander,password,student
9707,Michael Baldwin DDS,joshuagibbs@ross.biz,Michael,password,student
4188,Anna Harper,marcpatel@gmail.com,Anna,password,student
5902,Steve Green,gabrielbrown@hotmail.com,Steve,password,student
7107,Edwin Boyd,aaron93@yahoo.com,Edwin,password,student
8040,Emily Chambers,bridgessavannah@yahoo.com,Emily,password,student
4140,Hunter Martinez,sandy22@rollins.com,Hunter,password,student
3797,Victor Moss,morgan52@taylor.com,Victor,password,student
7752,Kelly Lucas,schwartztina@yahoo.com,Kelly,password,student
8473,Reginald Richardson,bakerjeremy@young-jones.info,Reginald,password,student
1613,Patrick Sanchez,smithamanda@johnson.org,Patrick,password,student
8298,Michelle Chen DDS,rebeccapreston@young.info,Michelle,password,student
6502,Richard Sherman,alexandra82@yahoo.com,Richard,password,student
7506,Robert Williams,salvarado@yahoo.com,Robert,password,student
4633,Samuel Alexander,iherring@solis.com,Samuel,password,student
9239,Anthony Graham,anamartin@hotmail.com,Anthony,password,student
9872,Dr. Lynn Hoffman,jonathangarner@yahoo.com,Dr.,password,student
6585,Miss April Howard,brusso@hotmail.com,Miss,password,student
1594,Tyler Rodriguez,cruzjohn@hotmail.com,Tyler,password,student
7265,Kevin Bowman,brownronald@clay.com,Kevin,password,student
9985,Christopher Henry,steelejohn@nguyen.com,Christopher,password,student
9204,Joshua Richardson,stephenanderson@gmail.com,Joshua,password,student
1959,Amy Washington,stephen13@miller.com,Amy,password,student
4036,Amanda Cook,hannahdillon@giles.com,Amanda,password,student
3694,Scott Montes,vanessameyers@hotmail.com,Scott,password,student
7829,Sean Thomas,april31@gmail.com,Sean,password,student
8694,Amanda Roberts,michael36@yahoo.com,Amanda,password,student
9382,Joanna Rose,timothyfuentes@gmail.com,Joanna,password,student
1113,Willie Russell,susan10@yahoo.com,Willie,password,student
7637,Peter Day,smaynard@cole.com,Peter,password,student
6344,Matthew Sherman,woodmonica@gmail.com,Matthew,password,student
5468,Stephanie Moore DDS,cynthia58@yahoo.com,Stephanie,password,student
2698,Brandon Fletcher,juliepeterson@pearson-shepherd.net,Brandon,password,student
7871,Ryan Thomas,whitakerjoseph@yahoo.com,Ryan,password,student
8556,Mrs. Amber Luna DVM,zgray@salazar.net,Mrs.,password,student
5031,Crystal Fry,xstewart@huff.org,Crystal,password,student
2575,William Le,morr@gmail.com,William,password,student
2322,Antonio Carter,jameslisa@morrison.com,Antonio,password,student
9056,Beth Abbott,jhill@bell.com,Beth,password,student
6326,Christine Howard,brianna99@hotmail.com,Christine,password,student
8790,Chelsea Arellano,gregory11@russell-morris.com,Chelsea,password,student
3873,Stacy Rodriguez,tranjulia@romero.biz,Stacy,password,student
3176,Shannon Green,ogordon@guerrero-holt.com,Shannon,password,student
9203,Donna Reed,dennisconner@sellers.com,Donna,password,student
9676,Michelle Wang,mikecollins@gmail.com,Michelle,password,student
2142,Thomas Barker,mmelendez@lewis.com,Thomas,password,student
4138,Kimberly Cline,davismatthew@gmail.com,Kimberly,password,student
8314,Clinton Weber,bhiggins@jenkins-stevenson.com,Clinton,password,student
9826,Lindsay Murphy,tammyjones@clayton.info,Lindsay,password,student
5149,Mallory May,morrisonlucas@gmail.com,Mallory,password,student
9098,Larry Torres,rachel70@hotmail.com,Larry,password,student
2991,Tina Mccormick,zthompson@lee.com,Tina,password,student
6780,Brian Sampson,jamesgeorge@yahoo.com,Brian,password,student
1363,Christine Park,goodwinerica@brown.com,Christine,password,student
6589,Vicki Lewis,bperry@hotmail.com,Vicki,password,student
9377,Matthew Black,lewisbetty@hotmail.com,Matthew,password,student
2982,Felicia Lee,torresjacqueline@chambers-woodard.net,Felicia,password,student
7186,James Black,sgarza@nunez.net,James,password,student
4265,James Mitchell,gracejohnson@yahoo.com,James,password,student
9696,Alexander Mcconnell,corysmith@anderson-anderson.com,Alexander,password,student
8291,Danielle Clark,crystal02@schmidt.com,Danielle,password,student
5094,Robert Foster,teresamoreno@rubio-sanchez.com,Robert,password,student
7933,Gary Clark,alyssawagner@gmail.com,Gary,password,student
2962,Cynthia Martin,caitlynmoody@adams.com,Cynthia,password,student
7780,Brianna Cunningham,alexanderfernando@gmail.com,Brianna,password,student
8082,Dr. Jesus Johnson,xharris@hotmail.com,Dr.,password,student
7240,Jessica Jarvis,nhurst@hester.info,Jessica,password,student
3033,Theresa Hensley,evance@moore.org,Theresa,password,student
2538,James Mckee,andersonmichelle@yahoo.com,James,password,student
3406,Jonathan Blanchard,jonathanfoster@sanchez.com,Jonathan,password,student
5615,Melissa Estrada,bowmanmatthew@martin-duran.org,Melissa,password,student
3994,John Gallagher,elliottsheryl@wilcox.net,John,password,student
3274,Catherine Velasquez,fsutton@gmail.com,Catherine,password,student
3609,Joyce Thomas,zanderson@barrera.net,Joyce,password,student
9179,Theresa Hughes,mstanley@yahoo.com,Theresa,password,student
4463,Steven Golden,nvasquez@yahoo.com,Steven,password,student
6178,Miss April Smith,logansanchez@manning.com,Miss,password,student
